<?xml version="1.0" encoding="UTF-8"?>
<application xmlns="http://java.sun.com/xml/ns/j2ee" version="1.4"
    xmlns:xsi="http://www.w3.org/2001/XMLSchema-instance" 
    xsi:schemaLocation="http://java.sun.com /xml/ns/j2ee http://java.sun.com/xml/ns/j2ee/application_1_4.xsd">
    <display-name>osrmt</display-name>
    <description>Application description</description>
    <module>
        <ejb>osrmt-ejb.jar</ejb>
    </module>
    <module>
        <java>app-client.jar</java>
    </module>
    <module>
	<web>
           <web-uri>osrmt.war</web-uri>
           <context-root>osrmt</context-root>
	</web>
    </module>
    <security-role>
        <role-name>osrmtAdmin</role-name>
    </security-role>
</application>
